{
  "hash": "2272b43e",
  "configHash": "1dd4053e",
  "lockfileHash": "4b3c961a",
  "browserHash": "4dcac8f8",
  "optimized": {
    "@angular/common": {
      "src": "../../../../../node_modules/@angular/common/fesm2022/common.mjs",
      "file": "@angular_common.js",
      "fileHash": "f13054ed",
      "needsInterop": false
    },
    "@angular/core": {
      "src": "../../../../../node_modules/@angular/core/fesm2022/core.mjs",
      "file": "@angular_core.js",
      "fileHash": "213c8320",
      "needsInterop": false
    },
    "@angular/forms": {
      "src": "../../../../../node_modules/@angular/forms/fesm2022/forms.mjs",
      "file": "@angular_forms.js",
      "fileHash": "1637afe5",
      "needsInterop": false
    },
    "@angular/platform-browser": {
      "src": "../../../../../node_modules/@angular/platform-browser/fesm2022/platform-browser.mjs",
      "file": "@angular_platform-browser.js",
      "fileHash": "5cb9d994",
      "needsInterop": false
    },
    "@angular/router": {
      "src": "../../../../../node_modules/@angular/router/fesm2022/router.mjs",
      "file": "@angular_router.js",
      "fileHash": "ef202dab",
      "needsInterop": false
    }
  },
  "chunks": {
    "chunk-LWKVQYRO": {
      "file": "chunk-LWKVQYRO.js"
    },
    "chunk-6LWT3CD6": {
      "file": "chunk-6LWT3CD6.js"
    },
    "chunk-DWZ2RJXY": {
      "file": "chunk-DWZ2RJXY.js"
    }
  }
}